Atherosclerosis Susceptibility All genes (86),Atrial Fibrillation All genes (62),Expanded Takotsubo Cardiomyopathy (combo.),Olivas Sex Differences ,Naqvi Cardiac Sex Bias,RM Cardiac Sex Bias,Yang Pregnancy Genes ,Chung Pregnancy Genes,Hart Non-essentials,Hart Common Essentials
ATHS,SCN5A,ADRB1,ZBED1,PLIN3,ZFX,SULF1,PRAMEF9,ABCG8,ALYREF
CDKN2B-AS1,GJA5,BAG3,CD99,PRELID1,TNFRSF12A,MCM3,PRAMEF2,ACCSL,AQR
NFIA-AS1,KCNQ1,AR,CD99P1,ERGIC2,SCN4A,PLEKHB2,PRAMEF1,ACTL7A,ARCN1
TP53COR1,NPPA,ADRA2C,LINC01597,LARS,SDK2,ANKRD23,PRAMEF8,ACTL7B,BRIX1
TUG1,KCNA5,EIF4E,DHRSX,ZBTB16,FSTL3,TMEM182,PRAMEF12,ACTL9,C12orf66
LRP2BP-AS1,NUP155,MTOR,FRG1BP,TTLL5,FSCN1,COL3A1,PRAMEF17,ACTRT1,CCT3
HOXC-AS1,SCN2B,PIK3CG,MBNL3,CCT2,LAMP3,COL5A2,PRAMEF5,ADAD1,CCT4
H19,KCNJ2,PTEN,IL3RA,BCL2L1,APOB,MYO1B,PRAMEF27,ADAM18,CCT6A
HULC,SNTA1,SLC24A3,SPESP1,NPHP1,HSD17B14,NRP2,PRAMEF10,ADAM2,CCT7
ALOX5,NPPB,SLN,PPP2R3B,FAM216A,TF,MYL1,PRAMEF20,ADAM20,CCT8
APOE,VKORC1,TPO,CECR7,DERL2,TUBB1,FN1,PRAMEF33,ADAM30,CDC40
TLR4,HCN4,PRKCA,DDX43,ALG11,RNF125,TNS1,PRAMEF25,ADH7,CDC5L
ANGPTL3,ACE,PIK3R1,FRG1CP,RPGR,AMMECR1,SLC4A3,PRAMEF4,AFM,CDK17
CRP,ZFHX3,GSK3B,ASMTL,LPL,PIM2,PTMA,PRAMEF13,AICDA,CHD4
APOB,KCNE2,PPP2CA,P2RY8,CLTA,PYCARD,COL6A3,PRAMEF26,AIPL1,CHMP2A
APOA1,TBX5,UCP3,GTPBP6,ARMC1,SLC1A5,PER2,PRAMEF15,ALPI,CLTC
SREBF2,SCN3B,ACAA2,FRG1JP,EI24,DNASE2,PPIP5K2,PRAMEF6,ALPPL2,COPA
INS,SCN1B,PFKFB1,PLCXD1,FURIN,JAK3,MCM6,PRAMEF18,ALX3,COPB1
VCAM1,F2,POSTN,GNAL,EIF1AX,IMPDH1,CD55,SP100,AMELX,COPS2
CCL2,CYP4F2,LOX,NOX5,HACD2,GALNT18,SLC41A1,PRAMEF19,ANKRD30A,COPS4
ABCA1,SCN4B,ESR1,HOPX,RAPH1,VWF,PIK3C2B,PRAMEF11,ANKRD60,COPS6
PON1,AGT,COL1A1,MIR4458HG,BCAP31,EYA4,CSRP1,PRAMEF14,ANTXRL,COPS8
ADIPOQ,MYL4,ACTA1,AKAP17A,KDM5C,SLC29A1,PHLDA3,SP110,APOA4,COPZ1
IL6,ANK2,RCAN1,FAM228A,RPS4X,RIMS3,ASPM,PRAMEF7,APOBEC1,CSE1L
CETP,KCNE1,GRK5,CHMP1B2P,CDKN1A,RPS6KA1,B3GALT2,C12orf75,APOF,CTDNEP1
NOS3,ABCC9,ESR1,LINC02388,NAA20,RCL1,LAMC1,C11orf24,AQP12A,DDB1
OLR1,RYR2,SERPINE,TTPAL,EXOSC10,PLG,RASAL2,ADAMTS1,AQP8,DDX18
TNF,GATA6,IL6,CUL4B,RTCB,RAMP3,ATP1B1,ADAMTS2,ARGFX,DDX46
SELE,F10,PPARGC1A,HSPB6,FAM161B,BCAS4,DPT,ADIPOQ,ART1,DDX49
ICAM1,F9,CCHCR1,OOEP,EIF2S3,SEPT6,UCK2,ADK,ASB17,DDX51
SCARB1,KCNH2,NOX1,AURKC,RFC4,KDM5C,ALDH9A1,ADM,ASIC5,DNM2
PPARG,GJA1,PPP6R3,SPINK2,NSFL1C,HSPA2,LRRC52,ALAS2,ASZ1,DYNC1H1
PPARA,SELP,PRD,ATP6V0E2,EIF3I,CHAC1,NUF2,AMN1,ATOH1,DYNC1I2
SERPINE1,VWF,SDC1,EMB,FGF2,EXOC3L2,OLFML2B,APC,ATP4B,EEF2
HMGCR,PF4,PLN,CCDC180,BOK,ACE2,PCP4L1,ARAP2,ATP6V1G3,EFTUD2
LPA,PLAT,STXBP1,RBBP7,SLC25A5,PLVAP,PEA15,ATP8B1,AWAT1,EIF1AX
LPL,MIR199A1,CD33,NDRG4,PIGF,ATP6V1E1,TAGLN2,ATRX,AWAT2,EIF2B4
EDN1,LMNA,SELENBP1,PAX8-AS1,CFAP36,TMEM204,PROX1,B3GALNT1,B3GNT6,EIF2S2
ACE,AGTR1,FSD1L,RIMS4,NCEH1,SLC41A1,ATF3,BAMBI,BANF2,EIF3A
SELP,MIR21,FSD1,PINLYP,SEC11C,SLC39A8,DTL,BAZ1B,BARHL1,EIF3B
ABCG1,NR3C2,VWF,NME4,ZNF503,TGFB1I1,NEK2,BCL2L11,BEND2,EIF3C
RETN,PPBP,TNNI3,BTD,ZNF583,NLRC5,CD34,BCLAF1,BHLHE23,EIF3D
NLRP3,ADRB1,TLR4,SLC25A6,PSMD14,PKLR,ITIH5,BIRC6,BIRC8,EIF3F
LCAT,CRP,TLR2,LINC-PINT,KIDINS220,ETNK2,RSU1,BNIP3,BMP10,EIF3G
PLA2G7,ATFB5,NPPB,HPCAL4,ATP6AP2,AHSG,VIM,BPGM,BMP15,EIF3I
VWF,SLN,NPY,KIAA0556,TXLNG,FAM83A,MRC1,BPTF,BPIFA1,EIF4A3
MMP9,ATFB1,MPST,CSF2RA,TRIM55,ITIH2,COL5A1,BTNL9,BPIFA3,EIF5B
ALB,ATFB2,CTRL,PCYT1B,MBD2,MFSD6,LCN2,C1QB,BPIFB3,ERH
LEP,PITX2,ADRB2,PRXL2B,YIPF2,C7orf31,NEB,C3,BPIFB6,ETF1
IL1B,MIR223,GRK2,ITPKA,KDM6A,ROBO4,KCNJ3,CALR3,BPIFC,EXOSC10
CXCL8,IL6,ACE,PAX8,FAM46B,SV2A,FIGN,CAPG,BPY2,FTSJ3
AGER,F3,EGF,PAK1,CD274,CLIC6,ITGA6,CA3,BRDT,GAR1
APOC3,CYP11B2,ERBB2,ADH1C,CCT8,TAL1,APLNR,CCDC141,BSND,GNL3
CD36,TNNI3,TLR6,GLB1L,TPMT,ERMAP,LRP4,CCL15,C10orf113,GTF3C4
LIPC,MIR133A1,ESR2,FRG1EP,DDX3X,CAMKV,CRY2,CCL23,C10orf120,HAUS7
AGTR1,EMD,FLNA,MDGA1,,GFI1B,CAT,CCL7,C10orf53,HEATR1
THBD,TNNT2,FMR1,FAM24B,,SCN3B,RCN1,CD44,C11orf40,HNRNPC
ELN,CYP2C9,SMUG1,ACADL,,CD3D,ARHGAP11A,CDH11,C12orf40,HNRNPK
PLTP,MIR22,FSHMD1A,CCDC144B,,SERPINF2,BUB1B,CDKN1B,C14orf183,HNRNPM
MSR1,KCND3,GLS,LONRF1,,PAQR8,IVD,CEP350,C15orf55,HNRNPU
MPO,CACNA1C,NR4A1,ADRA2C,,NINJ2,FRMD5,CHD4,C16orf78,HSPA9
HSPD1,ALB,IL2,NES,,SPTBN2,B2M,CHD6,C17orf102,HSPE1
CYP2J2,,LPA,CDR2L,,PTRF,NCAPH,CIRBP,C17orf78,INTS9
PON3,,MMP8,RBBP9,,LDLRAD3,CKAP2L,CLASP1,C18orf26,KARS
PON2,,METAP2,KBTBD12,,FJX1,CPXM1,CLIC1,C19orf45,KPNB1
KLF4,,AKT1,HENMT1,,OXTR,CD93,CNKSR1,C1orf146,LIAS
APOA2,,GSK3A,GNL1,,ZNF101,ACSS1,COQ10B,C20orf173,LSM4
IL18,,NPPA,PROK1,,OSBP2,TPX2,CORO1A,C20orf203,LSM6
F3,,CCR2,RAI2,,TRPV2,E2F1,COTL1,C20orf79,MRPS31
PCSK9,,TIMD4,CST3,,FBLL1,FITM2,CP,C2orf57,MSANTD3
LIPG,,LYVE1,PTPN20,,SLC6A9,UBE2C,CPXM2,C2orf61,NACA
MTHFR,,ATP2A2,KCNA2,,SERPINA1,CDH22,CREBBP,C2orf71,NAPA
MGP,,RYR2,RNF157,,RPS4X,SOX18,CTSZ,C2orf83,NAPG
FABP4,,SLC8A1,MTLN,,HLA-G,CFP,DCLK1,C3orf30,NEDD8
SOAT1,,FOS,MPDU1,,MT1H,APLN,DENND1B,C4orf40,NHP2L1
CX3CR1,,MAPK3,TMEM99,,RP11-706O15.1,FLNA,EFHD2,C5orf20,NUDT21
ABCG5,,MAPK1,CNOT8,,COX6A1P2,PLS3,EGLN3,C6orf10,NUP133
NAMPT,,HSPA1A,PPM1E,,AC007036.4,MSN,EGR2,C7orf66,NUP205
CYBA,,,SFRP1,,IDI2-AS1,PHKA1,EHD1,C7orf71,NUP54
HMOX1,,,AFF2,,AC007969.5,RNF128,EMP1,C8A,NUP93
PLAT,,,SLC2A4RG,,RPS4XP11,APEX2,EVI2A,C8B,NUP98
NOS2,,,TMEM265,,AC009413.2,PFKFB1,F13A1,C8orf17,NXF1
CD40,,,TCF24,,INMT,ASB11,FBXO32,C8orf86,PABPN1
AGT,,,NKAPL,,RP11-734J24.1,TMSB4X,FERMT3,C9orf53,PAPOLA
KNG1,,,ADI1,,CFAP57,HCCS,FGF18,CABP2,PFDN2
LDLR,,,RHOC,,RP11-498E2.9,HEY1,FGL2,CABP5,PHB
,,,TNFSF12,,XIST,TNIK,FOXN2,CABS1,PHB2
,,,EFS,,,CCNA2,FRMD4B,CACNG2,PHF5A
,,,AHCTF1,,,FGF2,FSTL1,CACNG3,POLR2D
,,,STAG3,,,ABHD18,GCC2,CACNG5,POLR2F
,,,NFYB,,,POSTN,GCK,CATSPER4,POLR2I
,,,TBC1D9,,,IGSF10,GCNT2,CCDC155,PPP2R1A
,,,KLRC1,,,GASK1B,GDA,CCDC172,PRKAB2
,,,SLC15A2,,,FHIP1A,GDF10,CCDC83,PRPF18
,,,MPP2,,,NES,GJA3,CCKAR,PRPF19
,,,EZR,,,IQGAP3,GTF3C1,CCL1,PRPF3
,,,TDRP,,,MEF2D,GULP1,CCT8L2,PRPF31
,,,SERPINE1,,,TPM3,HACD1,CD200R1L,PRPF38A
,,,TLK2,,,S100A11,HECW2,CDCP2,PRPF8
,,,ADD1,,,S100A10,HMGCS2,CDX2,PRUNE
,,,DHCR7,,,ECM1,HS3ST1,CDX4,PSMA1
,,,ZBTB4,,,CIART,HSD11B1,CDY1,PSMA2
,,,MIS18BP1,,,CA14,HSPA1B,CDY1B,PSMA3
,,,DIXDC1,,,SV2A,HSPA1A,CDY2A,PSMA6
,,,KRBOX1,,,TXNIP,ILF3,CDY2B,PSMB2
,,,HS6ST3,,,BCL9,ITCH,CEACAM7,PSMB3
,,,LMNA,,,RHOC,JAM2,CELA2A,PSMC1
,,,ADAMTS13,,,KCND3,JMJD6,CELA3A,PSMC2
,,,FPGS,,,PLA2G12A,KCND2,CELA3B,PSMC4
,,,GNG2,,,CENPE,LCN2,CER1,PSMD1
,,,HS6ST2,,,H2AZ1,LCOR,CETN1,PSMD11
,,,MAPKAPK2,,,PDLIM5,LCP1,CFHR2,PSMD7
,,,CIDEA,,,KYAT3,LDB2,CFHR5,QARS
,,,FHL3,,,TOX,LDB3,CHAT,RAN
,,,ASIP,,,COQ3,LGALS3,CHRNA6,RBM17
,,,EWSAT1,,,MMS22L,LIMCH1,CHRNB3,RILPL2
,,,APOD,,,MDN1,LIMD2,CLCA1,RPA1
,,,ARHGAP1,,,MELK,LYVE1,CLDN17,RPA2
,,,MUM1L1,,,SHB,MAFF,CLEC2A,RPL10
,,,TOGARAM2,,,COL15A1,MAGI3,CLEC3A,RPL10A
,,,FDXR,,,ALDOB,MAPK4,CLEC6A,RPL11
,,,PABPC1P4,,,PGAP4,CLEC10A,CLRN1,RPL12
,,,TRAC,,,ABCA1,MMP3,CNBD1,RPL13
,,,FLG,,,CTNNAL1,MS4A6A,CNGA2,RPL13A
,,,VASH1,,,HSDL2,MS4A6E,CNGB3,RPL14
,,,ARHGAP27,,,WHRN,MYBPC2,CNPY1,RPL18
,,,KANSL3,,,TNC,MYCBP,CNTNAP5,RPL18A
,,,LCNL1,,,TLR4,MYL1,COL20A1,RPL19
,,,FRG1DP,,,KIF2C,MYOT,COX7B2,RPL23A
,,,FAM214B,,,CLSPN,NEDD4,CPXCR1,RPL24
,,,CACNA2D3,,,COL16A1,NFKBIZ,CRNN,RPL26
,,,FGD5P1,,,SDC3,NMRK2,CRX,RPL27
,,,HMGXB4,,,LAPTM5,NOSTRIN,CRYGB,RPL3
,,,WDR76,,,EPB41,NPPB,CSH1,RPL30
,,,FANCG,,,STMN1,NUCB2,CSHL1,RPL31
,,,EIF2AK4,,,MYOM3,OSMR,CSN2,RPL32
,,,AMPD2,,,SRSF10,P4HA1,CSN3,RPL34
,,,TMEM150C,,,ZNF436,PER2,CST11,RPL35
,,,KCTD2,,,C1QB,PFKP,CST4,RPL35A
,,,C2orf40,,,C1QC,PLA1A,CST5,RPL36
,,,NPEPL1,,,C1QA,PLA2G4A,CST8,RPL37
,,,GLUD2,,,HSPG2,PLEK,CST9,RPL37A
,,,ATP1A2,,,UBXN10,PLEKHO1,CST9L,RPL38
,,,WSB2,,,PLOD1,PLSCR1,CSTL1,RPL4
,,,TRANK1,,,NPPB,PMM1,CT45A2,RPL5
,,,ERI2,,,NPPA,PPM1L,CT45A4,RPL6
,,,DCTN1,,,VWA1,PRKACB,CT45A5,RPL7
,,,COLEC12,,,PERM1,PROX1,CT47A11,RPL7A
,,,PIWIL2,,,CD36,PRPS2,CTCFL,RPLP0
,,,C14orf28,,,KCNH2,PSAT1,CTRB1,RPLP2
,,,PIDD1,,,EMILIN1,PTGIS,CXorf1,RPN2
,,,TGM1,,,NCAPG,PTGS2,CXorf66,RPS11
,,,ATP6V0CP3,,,CORIN,PTHLH,CYLC2,RPS13
,,,CDC27,,,FRYL,PTPRF,CYP11B1,RPS14
,,,AMZ2P1,,,KDR,RAB20,CYP11B2,RPS15
,,,SPOCK1,,,IGFBP7,RAD23B,CYP26C1,RPS15A
,,,GPAT2,,,ALB,RBP7,CYP2A13,RPS17
,,,ENPP5,,,PF4,RGS19,CYP2C19,RPS18
,,,PANK4,,,STBD1,RGS2,CYP4A22,RPS19
,,,EFCAB13,,,SPARCL1,RHOBTB3,CYP4F8,RPS20
,,,DLGAP1-AS1,,,CDC7,RNPS1,CYP7A1,RPS24
,,,IGFBP6,,,TGFBR3,ROR1,DAZ1,RPS26
,,,ARHGEF28,,,PXMP2,SBF2,DAZ2,RPS27A
,,,TSC1,,,CORO1C,SF3B2,DAZ3,RPS3
,,,PLA2G5,,,ACACB,SIAH2,DAZ4,RPS3A
,,,SLC4A3,,,TBX5,SLAMF9,DAZL,RPS4X
,,,ZC3H7B,,,PTPN11,SLC25A36,DCAF4L2,RPS5
,,,CCDC125,,,PPTC7,SLC33A1,DCAF8L1,RPS6
,,,PCDHB7,,,ATP2A2,SLC35A4,DDI1,RPS7
,,,PTPN5,,,KNTC1,SLC39A6,DDX4,RPS8
,,,UBFD1,,,NIPSNAP2,SLC41A3,DEFA5,RPS9
,,,CDC42EP4,,,PHKG1,SMC1A,DEFA6,RPSA
,,,TNFSF13,,,ELN,SMO,DEFB103B,RRM1
,,,DYNC1LI2,,,PCOLCE,SNCA,DEFB104A,RUVBL1
,,,NID2,,,TNRC18,SOX4,DEFB106A,RUVBL2
,,,FAM98A,,,ACTB,ST8SIA6,DEFB107A,SDAD1
,,,HBA1,,,FSCN1,STBD1,DEFB118,SF3A1
,,,SST,,,ARPC1B,SULF1,DEFB123,SF3A2
,,,ZMYM5,,,SLC7A1,SYNPO2L,DEFB126,SF3B1
,,,LTBP4,,,B3GLCT,TBC1D4,DEFB127,SF3B2
,,,NBL1,,,FRY,TFPI2,DEFB129,SF3B3
,,,E2F1,,,COL1A2,THBS1,DGAT2L6,SF3B4
,,,DGCR2,,,MEST,TIMP1,DGKK,SF3B5
,,,IL17RE,,,CLCN1,TMEM45A,DIRC1,SFPQ
,,,BAZ1A,,,CRHR2,TMTC2,DMP1,SHFM1
,,,C16orf72,,,SMYD1,TNNT2,DMRT1,SMC3
,,,ZNF812P,,,CAPG,TNRC18,DMRTB1,SNRNP200
,,,SYCE1,,,TMSB10,TP53I11,DMRTC2,SNRNP27
,,,CFD,,,MTHFD2,TRPS1,DPCR1,SNRPD1
,,,TRIM8,,,MCM2,TTN,DPRX,SNRPD2
,,,PLAC9,,,ADAMTS9,TUBA8,DRD3,SRCAP
,,,NFE2L1,,,MITF,TXNRD1,DRGX,SRFBP1
,,,AKT1S1,,,PLXND1,UBFD1,DSCR4,SRSF1
,,,CSRP1,,,RET,UBTF,DSG4,SRSF3
,,,PURPL,,,CECR2,UCK2,DSPP,SUPT5H
,,,UHRF1BP1,,,MFAP5,UPP1,DTX2,SUPT6H
,,,CD38,,,LPCAT3,USP7,DUSP21,SUPV3L1
,,,TPRXL,,,CDCA3,VCAM1,DUX4,TFIP11
,,,WHAMMP2,,,PTMS,VCAN,DUX4L7,THOP1
,,,SHISA4,,,RAD51AP1,VWF,DUXA,TIMM10
,,,OVCH1-AS1,,,FOXM1,YPEL2,EFCAB3,TSTA3
,,,CTTN,,,EMP1,ZER1,EGR4,TUBA1B
,,,MAN2C1,,,BHLHE41,,ENTHD1,TUBGCP2
,,,ADGRE3,,,TMTC1,,ESX1,U2AF1
,,,ANGPT4,,,MYADM,,EVX1,U2AF2
,,,UCKL1,,,SSC5D,,F13B,UBA1
,,,ADAMTS7,,,LIG1,,F9,USP39
,,,GYPE,,,NECTIN2,,FABP2,VCP
,,,IRF6,,,TGFB1,,FAM106A,WDR12
,,,DNALI1,,,BLVRB,,FAM47A,WDR60
,,,LINC00844,,,HNRNPL,,FAM47B,WDR61
,,,FAM155B,,,LGALS4,,FAM47C,XAB2
,,,LMAN1L,,,ACTN4,,FAM71A,XPO1
,,,FAM83B,,,TYROBP,,FAM71B,YY1
,,,CPLX3,,,MYBPC2,,FAM71C,ZBTB48
,,,FMO5,,,RCN3,,FAM75A7,ZC3H13
,,,KCNJ3,,,TRPM4,,FAM75D1,ZNF207
,,,NPTX2,,,GYS1,,FCRL4,
,,,C8orf88,,,FTL,,FEZF1,
,,,ZBTB42,,,BAX,,FEZF2,
,,,SEMA6B,,,ARRDC4,,FFAR1,
,,,NECAB1,,,SLCO3A1,,FGF3,
,,,WNK3,,,PRC1,,FGF4,
,,,ACTA1,,,CTSC,,FGF6,
,,,CES4A,,,PRSS23,,FIGLA,
,,,ETNK2,,,PICALM,,FLG2,
,,,GPC3,,,SERPINH1,,FMR1NB,
,,,DGKG,,,UCP3,,FNDC7,
,,,SEPT4,,,FOLR2,,FNDC9,
,,,DENND4B,,,ART5,,FOXB1,
,,,LRRC1,,,APBB1,,FOXB2,
,,,S100A6,,,ITPRIPL2,,FOXD4L3,
,,,DCAF6,,,ACSM5,,FOXD4L4,
,,,RTRAF,,,CDR2,,FOXE3,
,,,MPZL2,,,SEZ6L2,,FOXN1,
,,,HEPH,,,ZNF629,,FOXR1,
,,,MIPEP,,,TGFB1I1,,FRG2,
,,,MYL4,,,TACC2,,FRMD7,
,,,LINC00909,,,ADAM12,,FSCB,
,,,CAMK2N1,,,MKI67,,FUT5,
,,,DNER,,,SLC25A22,,FUT9,
,,,MAN2A2,,,PNPLA2,,G6PC,
,,,KCNK1,,,CCND1,,GABRA1,
,,,DESI1,,,AKAP12,,GABRA6,
,,,ST3GAL6,,,NHSL1,,GAGE1,
,,,DOCK6,,,CCN2,,GAGE2C,
,,,SH3YL1,,,EPB41L2,,GALNTL5,
,,,ANGPTL5,,,HEY2,,GALR1,
,,,TTC39A,,,FOXO3,,GALR3,
,,,MYO19,,,SERINC1,,GBP7,
,,,HOOK1,,,P4HA1,,GCG,
,,,UBL4A,,,SPOCK2,,GCM2,
,,,PTGDS,,,CABCOCO1,,GDF2,
,,,CDKL3,,,CDK1,,GFRA4,
,,,HAL,,,PCNT,,GFRAL,
,,,UBA5,,,COL6A2,,GH2,
,,,SLN,,,COL6A1,,GHRH,
,,,TMEM255A,,,COL18A1,,GHSR,
,,,PLAC9P1,,,ITGB2,,GIF,
,,,SELENBP1,,,NUAK1,,GJA10,
,,,CCL11,,,CKAP4,,GJA8,
,,,TYMS,,,DCN,,GK2,
,,,INSRR,,,LUM,,GKN2,
,,,TMEM246,,,MYL6,,GLRA1,
,,,FAM184A,,,ANGPT2,,GLRA2,
,,,VPS72,,,CKAP2,,GLT6D1,
,,,SV2A,,,SARAF,,GML,
,,,RAB36,,,DLC1,,GOLGA6L2,
,,,ANKRD40,,,ACSL1,,GOT1L1,
,,,HBD,,,NEIL3,,GPR101,
,,,PKIG,,,SLC25A42,,GPR111,
,,,GIPR,,,JUND,,GPR119,
,,,TNFRSF19,,,ANKLE1,,GPR128,
,,,SAMD12,,,BST2,,GPR139,
,,,VIM,,,SLC27A1,,GPR144,
,,,KIAA0232,,,TPM4,,GPR148,
,,,TUBA1C,,,TMEM38A,,GPR151,
,,,MUS81,,,MCM5,,GPR152,
,,,FAM238C,,,NR3C2,,GPR26,
,,,SYBU,,,ZNF827,,GPR31,
,,,SHARPIN,,,GAB1,,GPR32,
,,,CHMP3,,,MMP2,,GPR45,
,,,PTGR1,,,HERPUD1,,GPR50,
,,,TSHZ3,,,CMTM3,,GPR52,
,,,MBD2,,,PDP2,,GPR78,
,,,HBM,,,TPPP3,,GPRC6A,
,,,CCDC69,,,NUDT7,,GPX5,
,,,THAP12,,,COTL1,,GPX6,
,,,TLL1,,,FBXO31,,GRK1,
,,,PPP1R13L,,,SNAI3,,GRM4,
,,,LMO3,,,RNF166,,GRM5,
,,,TSHZ2,,,FLNB,,GRM6,
,,,BMP7,,,NR1D2,,GSC2,
,,,CLIC1,,,NID2,,GSTA5,
,,,SECISBP2,,,SLMAP,,GSX1,
,,,GNG8,,,STAB1,,GSX2,
,,,C3,,,LDB3,,GUCA2A,
,,,LPL,,,NDRG2,,GUCY2F,
,,,UNC119B,,,MYH7,,H1FOO,
,,,CHL1,,,DCAF11,,H2BFM,
,,,KRT10,,,PBK,,H2BFWT,
,,,RAP1GAP2,,,EPHX2,,HAO1,
,,,RWDD2B,,,LCP1,,HCRTR2,
,,,RAB34,,,LMO7,,HDGFL1,
,,,SPATA18,,,KCTD12,,HHLA1,
,,,ENTPD1,,,ANLN,,HIST1H2AA,
,,,PRRC2A,,,KCNJ5,,HIST1H2BA,
,,,XIST,,,GRAMD1B,,HIST1H4G,
,,,TSIX,,,THY1,,HMX1,
,,,ZFX,,,USP2,,HOXB1,
,,,KDM5C,,,MCAM,,HOXD12,
,,,KDM6A,,,BCL9L,,HRG,
,,,DDX3X,,,DIXDC1,,HRH3,
,,,EIF1AX,,,ARHGAP20,,HSFY1,
,,,PUDP,,,LOXL1,,HSFY2,
,,,EIF2S3,,,HEXA,,HTN3,
,,,RPS4X,,,KIF23,,HTR1A,
,,,JPX,,,PCLAF,,HTR2C,
,,,STS,,,ANXA2,,HTR3C,
,,,SEPHS1P4,,,CCNB2,,HTR3D,
,,,SMC1A,,,ALDH1A2,,HTR3E,
,,,ZRSR2,,,MYZAP,,HTR5A,
,,,SYAP1,,,ADAMTS7,,HTR6,
,,,TXLNG,,,ACAD11,,IAPP,
,,,USP9X,,,ACKR4,,IFIT1B,
,,,UBA1,,,SEMA3B,,IFNA10,
,,,PNPLA4,,,GPX1,,IFNA14,
,,,ZC4H2,,,PLXNB1,,IFNA16,
,,,CLIC2,,,ALS2CL,,IFNA17,
,,,NAA10,,,ITGA9,,IFNA2,
,,,CA5BP1,,,CX3CR1,,IFNA21,
,,,CA5B,,,DUSP18,,IFNA4,
,,,PRSS30P,,,GAS2L1,,IFNA5,
,,,INE1,,,SH3PXD2B,,IFNA6,
,,,DOK5,,,DOCK2,,IFNA7,
,,,ATP6V1B1,,,ADAMTS2,,IFNA8,
,,,AP1S2,,,FNIP1,,IFNB1,
,,,MAP7D2,,,SPARC,,IFNK,
,,,PRSS16,,,SREBF1,,IFNW1,
,,,BMS1P10,,,TOM1L2,,IL12B,
,,,ADD2,,,PMP22,,IL13,
,,,GYG2,,,NTN1,,IL17A,
,,,PRKX,,,AURKB,,IL17F,
,,,UAP1L1,,,CD68,,IL1F10,
,,,CHM,,,SLC2A4,,IL21,
,,,ASMT,,,BCL6B,,IL22,
,,,FUNDC1,,,PIMREG,,IL25,
,,,KIF1A,,,CLUH,,IL26,
,,,CCDC36,,,SERPINF1,,IL28A,
,,,EIF2S3B,,,RFLNB,,IL28B,
,,,CXorf38,,,PHF12,,IL29,
,,,C19orf81,,,SPAG5,,IL3,
,,,ARSE,,,LGALS9,,IL31,
,,,VAX2,,,TMEM98,,IL36A,
,,,LGR5,,,DHRS11,,IL36B,
,,,ARSD,,,MSI2,,IL36RN,
,,,NLGN4X,,,COL1A1,,IL9,
,,,TMEM38B,,,EPOP,,INS,
,,,GFRA1,,,TCAP,,INSL5,
,,,HMGCS2,,,TOP2A,,INSL6,
,,,EIF1AXP1,,,IGFBP4,,INSM2,
,,,PCDHA10,,,VAT1,,INSRR,
,,,ABRAXAS1,,,MEOX1,,IQCF1,
,,,PCDHA2,,,KIF18B,,IRGC,
,,,RPS4XP11,,,MRC2,,ISX,
,,,PSD,,,SCN4A,,ITIH6,
,,,PIN4,,,KCNJ2,,IZUMO2,
,,,REEP6,,,ACOX1,,KCNA10,
,,,NLRP2,,,MXRA7,,KCNB2,
,,,POF1B,,,SEC14L1,,KCNG4,
,,,PCNX2,,,BIRC5,,KCNK10,
,,,SLC39A4,,,LGALS3BP,,KCNK16,
,,,STRIP2,,,TBC1D16,,KCNK18,
,,,ISOC2,,,GAA,,KCNV1,
,,,CLEC4F,,,BAHCC1,,KHDC3L,
,,,ATP8B3,,,RYR2,,KIF2B,
,,,RN7SL15P,,,NID1,,KIR2DL1,
,,,RGPD2,,,TUBB2A,,KIR3DL3,
,,,PCDHA3,,,RREB1,,KLK12,
,,,TRIM36,,,MYLIP,,KLK9,
,,,NRK,,,WNK2,,KRT2,
,,,CD207,,,ASPN,,KRT25,
,,,BMI1,,,PRELID1,,KRT26,
,,,GEMIN8,,,MXD3,,KRT28,
,,,HS3ST3A1,,,DBN1,,KRT33A,
,,,C1GALT1,,,VCAN,,KRT35,
,,,TTC3P1,,,CMYA5,,KRT36,
,,,PTK7,,,LHFPL2,,KRT37,
,,,TSPEAR-AS1,,,CCNB1,,KRT38,
,,,SEZ6L2,,,PIK3R1,,KRT40,
,,,LINC00565,,,PDE4D,,KRT71,
,,,NAP1L2,,,MYCN,,KRT73,
,,,CDKN2A,,,PXDN,,KRT74,
,,,PCDHA6,,,LAMB1,,KRT75,
,,,ERCC6L,,,BZW2,,KRT76,
,,,SNCA,,,ARF6,,KRT77,
,,,RASA3,,,PAPLN,,KRT78,
,,,TMEM187,,,ENTPD5,,KRT82,
,,,LINC02575,,,ESRRB,,KRT84,
,,,ZNF385B,,,VASH1,,KRT85,
,,,GRID1,,,IFI27L2,,KRT86,
,,,RASAL2,,,C14orf180,,KRT9,
,,,GRB14,,,TMEM179,,KRTAP1-1,
,,,EEFSEC,,,SP4,,KRTAP10-1,
,,,GABRB3,,,MATN2,,KRTAP10-10,
,,,MT1F,,,PABPC1,,KRTAP10-11,
,,,F5,,,GRHL2,,KRTAP10-12,
,,,TSPEAR-AS2,,,COL14A1,,KRTAP10-2,
,,,SOGA3,,,PTP4A3,,KRTAP10-4,
,,,PDIA4,,,MYH9,,KRTAP10-5,
,,,SPN,,,KCTD17,,KRTAP10-6,
,,,L1CAM,,,C1QTNF6,,KRTAP10-7,
,,,DNM1,,,KDELR3,,KRTAP10-8,
,,,UTP4,,,TNRC6B,,KRTAP10-9,
,,,DTD2,,,TOB2,,KRTAP11-1,
,,,FCGR2B,,,CSDC2,,KRTAP13-1,
,,,GPM6B,,,PIM3,,KRTAP13-2,
,,,CACNA2D1,,,SLC38A2,,KRTAP13-3,
,,,GPBAR1,,,TUBA1B,,KRTAP13-4,
,,,MYH14,,,TUBA1A,,KRTAP15-1,
,,,ZDHHC15,,,TROAP,,KRTAP17-1,
,,,ACP6,,,RACGAP1,,KRTAP19-3,
,,,CCNO,,,CALCOCO1,,KRTAP23-1,
,,,SLC25A5,,,PPL,,KRTAP26-1,
,,,ABO,,,ABAT,,KRTAP3-2,
,,,RASGEF1A,,,HAPSTR1,,KRTAP4-11,
,,,PRRX2,,,PRODH,,KRTAP4-12,
,,,IGSF10,,,TFRC,,KRTAP4-2,
,,,ABCC8,,,FSTL1,,KRTAP4-4,
,,,OFD1,,,APP,,KRTAP4-7,
,,,DIPK2B,,,RCAN1,,KRTAP5-2,
,,,GBP5,,,FNDC1,,KRTAP9-2,
,,,ZNF727,,,SMOC2,,KRTAP9-3,
,,,PCDHAC2,,,TNFRSF12A,,KRTAP9-4,
,,,TRAPPC6A,,,MSRB1,,LALBA,
,,,ZNF714,,,JPT2,,LBX1,
,,,XG,,,CLIC1,,LCN9,
,,,COL19A1,,,FLOT1,,LCT,
,,,MRPL20,,,TUBB,,LGALS13,
,,,SH3BP4,,,PPP1R10,,LGALS14,
,,,KCND2,,,TNFRSF21,,LHFPL5,
,,,ULBP1,,,TMEM63B,,LHX3,
,,,ADAMTS15,,,PLIN5,,LHX5,
,,,NARF,,,LRG1,,LIM2,
,,,MANF,,,UHRF1,,LIN28A,
,,,SF3B6,,,ADGRE1,,LIPM,
,,,ZNF571-AS1,,,NDC80,,LOR,
,,,KCNAB3,,,XDH,,LRIT1,
,,,HSPE1,,,MEMO1,,LRIT2,
,,,B4GALNT1,,,PREPL,,LRRC10,
,,,AFMID,,,TTC7A,,LUZP4,
,,,FAAH,,,NPC1,,LYZL1,
,,,GLRX,,,DSG2,,LYZL2,
,,,LINC00960,,,FHOD3,,LYZL6,
,,,C16orf89,,,GYPC,,MAGEA10,
,,,SLC25A20,,,ARHGAP26,,MAGEA11,
,,,MMP25-AS1,,,CAMK2A,,MAGEB1,
,,,AMPH,,,CSF1R,,MAGEB10,
,,,KCNH3,,,TUBB6,,MAGEB18,
,,,DCLK2,,,SETBP1,,MAGEB3,
,,,TCAF2,,,CPT1A,,MAGEB4,
,,,MINCR,,,UNC93B1,,MAGEC3,
,,,PRR26,,,CD248,,MAS1,
,,,CPXM1,,,CFL1,,MAS1L,
,,,MT1E,,,SYT7,,MBD3L1,
,,,SCARB1,,,APBA1,,MBD3L2,
,,,ADAMTS5,,,DOCK8,,MBL2,
,,,POLRMTP1,,,ANKRD1,,MC2R,
,,,LRRC4B,,,BTAF1,,MC3R,
,,,NPPA,,,KIF11,,MC5R,
,,,CANX,,,MYOF,,MEP1A,
,,,RENBP,,,CEP55,,MEP1B,
,,,CILP2,,,GOT1,,MEPE,
,,,FMNL2,,,AS3MT,,MFRP,
,,,DNAJC15,,,DUSP5,,MMD2,
,,,POLR3K,,,GPAM,,MMP20,
,,,HLA-F-AS1,,,ABLIM1,,MMP21,
,,,STEAP3,,,,,MMP26,
,,,MXRA5,,,,,MMP27,
,,,NPIPB14P,,,,,MOGAT3,
,,,RETN,,,,,MORC1,
,,,MMD,,,,,MRGPRD,
,,,ATP10A,,,,,MRGPRX1,
,,,PDZK1P1,,,,,MRGPRX2,
,,,TLX1,,,,,MRGPRX4,
,,,OSBPL9,,,,,MS4A10,
,,,HPSE,,,,,MS4A13,
,,,FLYWCH2,,,,,MS4A5,
,,,TRAP1,,,,,MSGN1,
,,,ADAM22,,,,,MT1B,
,,,TMEM135,,,,,MTNR1B,
,,,LRP5,,,,,MUC17,
,,,LINC00649,,,,,MUC7,
,,,STEAP2,,,,,MYBPC3,
,,,TMED5,,,,,MYF5,
,,,SMPX,,,,,NANOGNB,
,,,MARCO,,,,,NANOS2,
,,,MFAP5,,,,,NCR2,
,,,MTND1P23,,,,,NDST4,
,,,CPT1A,,,,,NEUROD2,
,,,ZNF497,,,,,NEUROD4,
,,,PDGFC,,,,,NEUROD6,
,,,GNG10,,,,,NEUROG1,
,,,ACOT1,,,,,NKX2-1,
,,,OSTC,,,,,NKX2-2,
,,,MTFP1,,,,,NLRP4,
,,,ZFYVE21,,,,,NLRP5,
,,,HSDL2,,,,,NLRP8,
,,,ARSJ,,,,,NLRP9,
,,,CISD2,,,,,NMS,
,,,THEM6,,,,,NOBOX,
,,,SLC29A4,,,,,NOTO,
,,,COL6A6,,,,,NOX3,
,,,MCTP2,,,,,NPFFR1,
,,,MRPS6,,,,,NPHS2,
,,,FZD3,,,,,NPSR1,
,,,KNDC1,,,,,NPVF,
,,,ZFYVE28,,,,,NR2E1,
,,,NUCB1,,,,,NYX,
,,,VSIG10L,,,,,OC90,
,,,NT5C3A,,,,,OLIG2,
,,,ECEL1,,,,,OLIG3,
,,,EFNB3,,,,,OPALIN,
,,,ZNF681,,,,,OPN1LW,
,,,PCDHGA12,,,,,OPN5,
,,,ZNF577,,,,,OR10A2,
,,,OR51E2,,,,,OR10A4,
,,,GPR17,,,,,OR10A5,
,,,CSTB,,,,,OR10H1,
,,,RASAL2-AS1,,,,,OR10H2,
,,,RNASEH2A,,,,,OR10H3,
,,,PCDHGA3,,,,,OR10J1,
,,,PNMA8B,,,,,OR10R2,
,,,XPO5,,,,,OR10S1,
,,,FOXO3,,,,,OR10X1,
,,,ALG13,,,,,OR10Z1,
,,,HADHA,,,,,OR11A1,
,,,ACOT13,,,,,OR12D2,
,,,DEFA3,,,,,OR12D3,
,,,HSD17B4,,,,,OR13C3,
,,,ESYT3,,,,,OR13D1,
,,,EPB41L3,,,,,OR14A16,
,,,SF3A2,,,,,OR1A1,
,,,ZBED9,,,,,OR1A2,
,,,LSM2,,,,,OR1B1,
,,,SNX3,,,,,OR1D2,
,,,SLC38A3,,,,,OR1E1,
,,,FAM3C,,,,,OR1E2,
,,,COX6A1,,,,,OR1G1,
,,,ANTXR1,,,,,OR1L6,
,,,PAICS,,,,,OR1N2,
,,,CTSD,,,,,OR1S1,
,,,IDI2-AS1,,,,,OR1S2,
,,,ASB12,,,,,OR2AK2,
,,,INPP5K,,,,,OR2AT4,
,,,LTA4H,,,,,OR2C1,
,,,CHSY3,,,,,OR2C3,
,,,PPM1H,,,,,OR2D2,
,,,XIST,,,,,OR2D3,
,,,ZFX,,,,,OR2F1,
,,,KDM6A,,,,,OR2G2,
,,,KDM5C,,,,,OR2G3,
,,,DDX3X,,,,,OR2H1,
,,,PUDP,,,,,OR2J2,
,,,EIF2S3,,,,,OR2L3,
,,,EIF1AX,,,,,OR2T1,
,,,TXLNG,,,,,OR2T10,
,,,STS,,,,,OR2T12,
,,,SYAP1,,,,,OR2T2,
,,,SMC1A,,,,,OR2T27,
,,,ZRSR2,,,,,OR2T33,
,,,CLIC2,,,,,OR2T4,
,,,USP9X,,,,,OR2T5,
,,,JPX,,,,,OR2W1,
,,,RPS4X,,,,,OR3A1,
,,,UBA1,,,,,OR3A2,
,,,ZC4H2,,,,,OR3A3,
,,,NAA10,,,,,OR4C11,
,,,CA5BP1,,,,,OR4C3,
,,,DOK5,,,,,OR4D1,
,,,PNPLA4,,,,,OR4D10,
,,,MAP7D2,,,,,OR4D11,
,,,INE1,,,,,OR4D9,
,,,DIPK2B,,,,,OR4K17,
,,,CA5B,,,,,OR51B6,
,,,PRSS30P,,,,,OR51D1,
,,,CHM,,,,,OR51F2,
,,,MCTP2,,,,,OR51T1,
,,,CILP2,,,,,OR51V1,
,,,C19orf81,,,,,OR52A1,
,,,UAP1L1,,,,,OR52A5,
,,,C16orf89,,,,,OR52B2,
,,,ADD2,,,,,OR52B6,
,,,CXorf38,,,,,OR52E8,
,,,AP1S2,,,,,OR52I2,
,,,STRIP2,,,,,OR52K2,
,,,PCNX2,,,,,OR52L1,
,,,ATP6V1B1,,,,,OR52M1,
,,,MRPS6,,,,,OR52R1,
,,,ASMT,,,,,OR52W1,
,,,SLC22A18,,,,,OR56A1,
,,,ZNF385B,,,,,OR56A4,
,,,REEP6,,,,,OR56B1,
,,,BMS1P10,,,,,OR5AU1,
,,,CDKN2A,,,,,OR5C1,
,,,GYG2,,,,,OR5I1,
,,,BIRC7,,,,,OR5M1,
,,,NAP1L3,,,,,OR5M10,
,,,GRB14,,,,,OR5P2,
,,,STEAP3,,,,,OR5P3,
,,,FUNDC1,,,,,OR5R1,
,,,CCDC36,,,,,OR5T1,
,,,NLRP2,,,,,OR5T2,
,,,POF1B,,,,,OR5T3,
,,,EIF2S3B,,,,,OR5V1,
,,,F5,,,,,OR5W2,
,,,TMEM38B,,,,,OR6A2,
,,,XG,,,,,OR6K6,
,,,PRKX,,,,,OR6S1,
,,,SMPX,,,,,OR6V1,
,,,SPN,,,,,OR7A17,
,,,ABRAXAS1,,,,,OR7C2,
,,,AFMID,,,,,OR7D4,
,,,VAX2,,,,,OR7G2,
,,,LINC02609,,,,,OR8A1,
,,,SEZ6L2,,,,,OR8B8,
,,,BMI1,,,,,OR8G5,
,,,ASTN1,,,,,OR8U1,
,,,NAP1L2,,,,,OR9Q2,
,,,TMEM182,,,,,OTOP1,
,,,RAPSN,,,,,OTOP3,
,,,CPNE4,,,,,OTOR,
,,,RASA3,,,,,OTP,
,,,APBA1,,,,,OTUD6A,
,,,LINC00565,,,,,OTX2,
,,,EIF1AXP1,,,,,PAGE3,
,,,GRID1,,,,,PANX3,
,,,SLC29A4,,,,,PASD1,
,,,GABRB3,,,,,PAX1,
,,,HS3ST3A1,,,,,PAX4,
,,,L1CAM,,,,,PBOV1,
,,,RTL9,,,,,PDCL2,
,,,SLC4A4,,,,,PDE6H,
,,,MYH14,,,,,PDILT,
,,,MT1F,,,,,PDX1,
,,,MARCO,,,,,PDYN,
,,,UTS2R,,,,,PGK2,
,,,TMEM135,,,,,PGLYRP2,
,,,SLC25A20,,,,,PGLYRP3,
,,,TMEM187,,,,,PIWIL1,
,,,PTPN3,,,,,PIWIL3,
,,,SLC39A4,,,,,PKD1L3,
,,,CLEC4F,,,,,PLA2G2E,
,,,ZC3H11B,,,,,PLA2G2F,
,,,PIN4,,,,,PLA2G4E,
,,,ELN-AS1,,,,,PLAC1L,
,,,ZNF571-AS1,,,,,PNLIP,
,,,OFD1,,,,,PNLIPRP1,
,,,SEMA3C,,,,,PNLIPRP2,
,,,FAM9C,,,,,PNPLA5,
,,,TMED5,,,,,POM121L12,
,,,IGSF10,,,,,POTEA,
,,,HIST1H3H,,,,,POTED,
,,,PHACTR3,,,,,POTEG,
,,,GLRX,,,,,POTEH,
,,,ATP8B3,,,,,POU3F4,
,,,MMP25-AS1,,,,,POU4F2,
,,,HADHA,,,,,POU4F3,
,,,ARMH4,,,,,POU5F2,
,,,HMGCS2,,,,,PPP3R2,
,,,LILRB4,,,,,PRAMEF1,
,,,ARG2,,,,,PRAMEF19,
,,,ADAM22,,,,,PRAMEF2,
,,,COL8A2,,,,,PRAMEF3,
,,,CACNA2D1,,,,,PRAMEF4,
,,,TTC3P1,,,,,PRAMEF7,
,,,CD226,,,,,PRB1,
,,,NUCB1,,,,,PRB4,
,,,C1GALT1,,,,,PRDM13,
,,,RENBP,,,,,PRDM14,
,,,LINC02575,,,,,PRDM7,
,,,COL6A6,,,,,PRDM9,
,,,CDCA7L,,,,,PRG3,
,,,TLX1,,,,,PRLH,
,,,ABCC8,,,,,PRLHR,
,,,NKX2-6,,,,,PROP1,
,,,ZNF714,,,,,PRSS33,
,,,DCLK2,,,,,PRSS37,
,,,CPXM1,,,,,PRSS38,
,,,EEFSEC,,,,,PRSS41,
,,,HIST1H2BK,,,,,PRSS55,
,,,UTP4,,,,,PRSS58,
,,,ABO,,,,,PRY2,
,,,GPM6B,,,,,PSKH2,
,,,SMCO1,,,,,PTF1A,
,,,ERGIC1,,,,,RAX,
,,,TPTEP1,,,,,RAX2,
,,,LINC02269,,,,,RBM46,
,,,KCNH3,,,,,RBMXL2,
,,,PDIA4,,,,,RBMY1A1,
,,,ISOC2,,,,,RBMY1B,
,,,CHST6,,,,,RBMY1D,
,,,HSPB8,,,,,RBMY1E,
,,,NUDT3,,,,,RBMY1F,
,,,SUGCT,,,,,RBMY1J,
,,,SLC25A5,,,,,RBP3,
,,,TRPV4,,,,,RBPJL,
,,,IDI2-AS1,,,,,RD3,
,,,FNIP2,,,,,RDH8,
,,,AMPH,,,,,REG3A,
,,,TRAPPC6A,,,,,RESP18,
,,,FCGR2B,,,,,RETNLB,
,,,COL19A1,,,,,REXO1L1,
,,,PRR26,,,,,RFPL3,
,,,NXPH4,,,,,RFPL4B,
,,,GPC6,,,,,RFX6,
,,,WDFY2,,,,,RHO,
,,,ARSE,,,,,RHOXF2,
,,,C13orf46,,,,,RNASE10,
,,,CGNL1,,,,,RNASE11,
,,,ALCAM,,,,,RNASE12,
,,,CPT1A,,,,,RNASE13,
,,,INPP5K,,,,,RNASE8,
,,,DMD,,,,,RNASE9,
,,,ROGDI,,,,,RND2,
,,,NRK,,,,,RNF113B,
,,,GBP5,,,,,RNF17,
,,,PHKG1,,,,,RP1,
,,,SLC18B1,,,,,RP1L1,
,,,SH3BP4,,,,,RPE65,
,,,HGFAC,,,,,RPTN,
,,,DEFA4,,,,,RS1,
,,,CSTB,,,,,RTP1,
,,,DYNLT1,,,,,RTP2,
,,,RASAL2,,,,,RXFP2,
,,,SUMF2,,,,,RXFP3,
,,,TMEM59L,,,,,S100A7A,
,,,ASB12,,,,,S100G,
,,,SNRNP25,,,,,SAGE1,
,,,NCS1,,,,,SAMD7,
,,,NT5C3A,,,,,SCGB1D1,
,,,DNAJC15,,,,,SCN10A,
,,,ALG13,,,,,SCRT2,
,,,HLA-F-AS1,,,,,SDR9C7,
,,,PDZK1P1,,,,,SEC14L3,
,,,SH3KBP1,,,,,SEMG2,
,,,HSDL2,,,,,14-Sep,
,,,POLRMTP1,,,,,SERPINA12,
,,,ZDHHC15,,,,,SERPINA7,
,,,CYP46A1,,,,,SERPINA9,
,,,SPEF2,,,,,SERPINB12,
,,,NXN,,,,,SHCBP1L,
,,,THEM6,,,,,SHOX,
,,,DTD2,,,,,SI,
,,,GPD1L,,,,,SIGLECL1,
,,,EFNB3,,,,,SIX6,
,,,VGLL2,,,,,SLC10A2,
,,,ZFYVE28,,,,,SLC13A1,
,,,SOGA3,,,,,SLC17A2,
,,,HADHB,,,,,SLC17A6,
,,,KLHL40,,,,,SLC18A3,
,,,ZNF727,,,,,SLC22A12,
,,,ACOT1,,,,,SLC22A13,
,,,IL1RAP,,,,,SLC22A24,
,,,GPBAR1,,,,,SLC22A25,
,,,ZDHHC16,,,,,SLC22A6,
,,,TRMT2B,,,,,SLC22A8,
,,,LSAMP,,,,,SLC22A9,
,,,NREP,,,,,SLC25A2,
,,,DANCR,,,,,SLC25A31,
,,,ADAMTS15,,,,,SLC2A2,
,,,CERS1,,,,,,
,,,ACO1,,,,,,
,,,STEAP2,,,,,,
,,,TPST2,,,,,,
,,,SERPINI1,,,,,,
,,,KCNAB3,,,,,,
,,,GDNF-AS1,,,,,,
,,,MARC2,,,,,,
,,,SCARB1,,,,,,
,,,ZC3H12B,,,,,,
,,,EPDR1,,,,,,
,,,LINC00649,,,,,,
,,,SBK3,,,,,,
,,,PDE4D,,,,,,
,,,CD207,,,,,,
,,,C2CD4D-AS1,,,,,,
,,,PLAGL1,,,,,,